,s=0-t=Start,s=0-t=Insertion,s=0-t=Main,s=0-t=Deletion,s=1-t=Insertion,s=1-t=Main,s=1-t=Deletion,s=2-t=Insertion,s=2-t=Main,s=2-t=Deletion,s=3-t=Insertion,s=3-t=Main,s=3-t=Deletion,s=4-t=Insertion,s=4-t=End,
-,1.0,0.0,0.0,0.1353352832366127,0.0,0.0,0.018315638888734182,0.0,0.0,0.002478752176666359,0.0,0.0,3.354626279025119E-4,0.0,0.0,
A,0,0.011178694395344212s=0-t=Start,0,0,0,0,0,0,0,0,0,0,0,0,0,
T,0,0,0,0,0.001273573757602254s=0-t=Main,0.03896306462684627s=0-t=Main,9.796721212325032E-4s=0-t=Main,0,0,3.0951995980620713E-4s=1-t=Main,0,0,0,0,3.7308284812914014E-8s=3-t=Main,
G,0,0,0,0,0,0,0,6.785814557457458E-7s=1-t=Main,1.7466335742404258E-5s=1-t=Main,2.3577649363937746E-4s=1-t=Main,5.720704914124796E-8s=2-t=Main,2.811531124773162E-7s=2-t=Main,0,7.742132198661617E-9s=3-t=Main,1.5482164727084213E-8s=3-t=Deletion,
