,s=0-t=Start,s=0-t=Insertion,s=0-t=Main,s=0-t=Deletion,s=1-t=Insertion,s=1-t=Main,s=1-t=Deletion,s=2-t=Insertion,s=2-t=Main,s=2-t=Deletion,s=3-t=Insertion,s=3-t=Main,s=3-t=Deletion,s=4-t=Insertion,s=4-t=End,
-,1.0,0.0,0.0,0.1353352832366127,0.0,0.0,0.018315638888734182,0.0,0.0,0.002478752176666359,0.0,0.0,3.354626279025119E-4,0.0,0.0,
A,0,0,0,0,0,0,0,0,0.0010062514172513896s=1-t=Deletion,0,0,0,0,0,0,
T,0,8.07873526359843E-5s=0-t=Insertion,3.970422523687262E-4s=0-t=Insertion,0,0,0,0,7.08202887598777E-5s=1-t=Main,0,0,0,0,4.592634673608906E-6s=2-t=Main,0,3.7308284812914014E-8s=3-t=Main,
G,0,7.740832509656348E-7s=0-t=Insertion,3.8043548582306753E-6s=0-t=Insertion,0,1.2203050136713527E-5s=1-t=Insertion,5.99738245400941E-5s=1-t=Insertion,0,3.0650944173119064E-4s=1-t=Main,2.4161553823844948E-4s=1-t=Main,0,5.720704914124796E-8s=2-t=Main,2.811531124773162E-7s=2-t=Main,1.2085545135117596E-5s=2-t=Main,7.742132198661617E-9s=3-t=Main,1.5482164727084213E-8s=3-t=Deletion,
C,0,1.4352226314486847E-9s=0-t=Insertion,7.053629159115877E-9s=0-t=Insertion,0,2.262559447845714E-8s=1-t=Insertion,1.111970710735567E-7s=1-t=Insertion,0,9.129348846658772E-8s=2-t=Insertion,2.1893191423560567E-8s=2-t=Insertion,0,5.56204800051428E-9s=2-t=Main,6.259246183575321E-7s=2-t=Main,1.0121379709785653E-5s=2-t=Main,4.689022233030499E-10s=3-t=Main,2.9127564953659813E-10s=3-t=Main,
C,0,2.6610367802854506E-12s=0-t=Insertion,1.3078087131301199E-11s=0-t=Insertion,0,4.1949964948800726E-11s=1-t=Insertion,2.061697533908553E-10s=1-t=Insertion,0,1.6926665263419194E-10s=2-t=Insertion,4.0592021292975006E-11s=2-t=Insertion,0,2.439577805578851E-8s=3-t=Insertion,2.745376894930175E-6s=3-t=Insertion,3.270419886917911E-9s=2-t=Main,4.5589778055497423E-11s=3-t=Main,2.9253516024867104E-8s=3-t=Main,
C,0,4.9338106791727644E-15s=0-t=Insertion,2.4247994777676147E-14s=0-t=Insertion,0,7.777915231713335E-14s=1-t=Insertion,3.8225797498864396E-13s=1-t=Insertion,0,3.1383618016163536E-13s=2-t=Insertion,7.526139797398996E-14s=2-t=Insertion,0,4.523205060152022E-11s=3-t=Insertion,5.0901851274328E-9s=3-t=Insertion,6.063663863272007E-12s=2-t=Main,4.578691370316752E-9s=4-t=Insertion,5.423875041342286E-11s=3-t=Main,
